date,temperature,humidity,luminosity
2019-12-11 14:44:49.013,AA04,"22.3,31.1",263
2019-12-11 14:44:49.020,AA04,"22.3,31.1",263
2019-12-11 14:44:50.879,AA04,"22.3,31.1",263
2019-12-11 14:44:53.157,AA04,"22.3,31.1",263
2019-12-11 14:44:55.431,AA04,"22.3,31.2",261
2019-12-11 14:44:57.703,AA04,"22.3,31.3",265
2019-12-11 14:44:59.976,AA04,"22.3,31.2",263
2019-12-11 14:45:02.255,AA04,"22.3,31.3",263
2019-12-11 14:45:04.528,AA04,"22.3,31.2",265
2019-12-11 14:45:06.800,AA04,"22.3,31.2",265
2019-12-11 14:45:09.075,AA04,"22.3,31.2",263
2019-12-11 14:45:11.348,AA04,"22.3,31.2",263
2019-12-11 14:45:13.624,AA04,"22.3,31.1",260
2019-12-11 14:45:15.899,AA04,"22.3,31.2",263
2019-12-11 14:45:18.171,AA04,"22.3,31.3",261
2019-12-11 14:45:20.444,AA04,"22.3,31.4",263
2019-12-11 14:45:22.718,AA04,"22.3,31.4",263
2019-12-11 14:45:24.995,AA04,"22.3,31.4",265
2019-12-11 14:45:27.268,AA04,"22.3,31.5",265
2019-12-11 14:45:29.542,AA04,"22.3,31.6",265
2019-12-11 14:45:31.815,AA04,"22.3,31.7",265
2019-12-11 14:45:34.091,AA04,"22.3,31.7",263
2019-12-11 14:45:36.366,AA04,"22.3,31.8",261
2019-12-11 14:45:38.639,AA04,"22.3,31.7",261
2019-12-11 14:45:40.911,AA04,"22.2,31.6",263
2019-12-11 14:45:43.190,AA04,"22.3,31.6",263
2019-12-11 14:45:45.463,AA04,"22.3,31.6",263
2019-12-11 14:45:47.736,AA04,"22.3,31.6",263
2019-12-11 14:45:50.009,AA04,"22.3,31.5",263
2019-12-11 14:45:52.286,AA04,"22.3,31.5",263
2019-12-11 14:45:54.558,AA04,"22.3,31.5",263
2019-12-11 14:45:56.833,AA04,"22.3,31.5",265
2019-12-11 14:45:59.106,AA04,"22.3,31.5",263
2019-12-11 14:46:01.382,AA04,"22.3,31.4",263
2019-12-11 14:46:03.657,AA04,"22.3,31.3",261
2019-12-11 14:46:05.930,AA04,"22.3,31.3",263
2019-12-11 14:46:08.202,AA04,"22.3,31.2",265
2019-12-11 14:46:10.481,AA04,"22.3,31.2",263
2019-12-11 14:46:12.754,AA04,"22.3,31.2",261
2019-12-11 14:46:15.026,AA04,"22.3,31.1",261
2019-12-11 14:46:17.301,AA04,"22.3,31.1",260
2019-12-11 14:46:19.574,AA04,"22.3,31.0",263
2019-12-11 14:46:21.850,AA04,"22.3,31.0",263
2019-12-11 14:46:24.124,AA04,"22.3,31.0",261
2019-12-11 14:46:26.397,AA04,"22.3,30.9",261
2019-12-11 14:46:28.670,AA04,"22.3,30.9",261
2019-12-11 14:46:30.948,AA04,"22.3,30.8",260
2019-12-11 14:46:33.220,AA04,"22.3,30.9",261
2019-12-11 14:46:35.494,AA04,"22.3,30.9",263
2019-12-11 14:46:37.768,AA04,"22.3,30.9",263
2019-12-11 14:46:40.045,AA04,"22.3,30.9",263
2019-12-11 14:46:42.318,AA04,"22.3,31.0",258
2019-12-11 14:46:44.592,AA04,"22.3,31.1",261
2019-12-11 14:46:46.865,AA04,"22.3,31.2",261
2019-12-11 14:46:49.138,AA04,"22.3,31.3",261
2019-12-11 14:46:51.416,AA04,"22.3,31.3",261
2019-12-11 14:46:53.688,AA04,"22.3,31.4",263
2019-12-11 14:46:55.961,AA04,"22.3,31.3",261
2019-12-11 14:46:58.235,AA04,"22.3,31.3",260
2019-12-11 14:47:00.512,AA04,"22.3,31.2",263
2019-12-11 14:47:02.784,AA04,"22.3,31.2",260
2019-12-11 14:47:05.058,AA04,"22.3,31.1",263
2019-12-11 14:47:07.332,AA04,"22.3,31.1",261
2019-12-11 14:47:09.608,AA04,"22.3,31.0",260
2019-12-11 14:47:11.882,AA04,"22.3,31.0",261
2019-12-11 14:47:14.156,AA04,"22.3,31.0",261
2019-12-11 14:47:16.429,AA04,"22.3,31.0",263
2019-12-11 14:47:18.702,AA04,"22.3,31.0",261
2019-12-11 14:47:20.980,AA04,"22.3,31.0",263
2019-12-11 14:47:23.253,AA04,"22.3,31.1",263
2019-12-11 14:47:25.526,AA04,"22.3,31.2",263
2019-12-11 14:47:27.800,AA04,"22.3,31.3",263
2019-12-11 14:47:30.076,AA04,"22.3,31.5",263
2019-12-11 14:47:32.348,AA04,"22.3,31.6",265
2019-12-11 14:47:34.623,AA04,"22.3,31.6",265
2019-12-11 14:47:36.896,AA04,"22.3,31.6",265
2019-12-11 14:47:39.173,AA04,"22.3,31.6",265
2019-12-11 14:47:41.447,AA04,"22.3,31.7",263
2019-12-11 14:47:43.719,AA04,"22.2,31.6",265
2019-12-11 14:47:45.993,AA04,"22.2,31.7",265
2019-12-11 14:47:48.267,AA04,"22.2,31.7",263
2019-12-11 14:47:50.544,AA04,"22.2,31.7",263
2019-12-11 14:47:52.817,AA04,"22.3,31.7",263
2019-12-11 14:47:55.091,AA04,"22.2,31.7",263
2019-12-11 14:47:57.364,AA04,"22.2,31.6",263
2019-12-11 14:47:59.641,AA04,"22.2,31.5",261
2019-12-11 14:48:01.915,AA04,"22.2,31.5",261
2019-12-11 14:48:04.188,AA04,"22.2,31.5",263
2019-12-11 14:48:06.459,AA04,"22.2,31.5",263
2019-12-11 14:48:08.738,AA04,"22.2,31.5",263
2019-12-11 14:48:11.011,AA04,"22.2,31.5",261
2019-12-11 14:48:13.283,AA04,"22.2,31.4",261
2019-12-11 14:48:15.558,AA04,"22.2,31.4",261
2019-12-11 14:48:17.835,AA04,"22.3,31.5",263
2019-12-11 14:48:20.107,AA04,"22.3,31.4",263
2019-12-11 14:48:22.382,AA04,"22.2,31.3",263
2019-12-11 14:48:24.655,AA04,"22.2,31.3",263
2019-12-11 14:48:26.928,AA04,"22.2,31.2",261
2019-12-11 14:48:29.206,AA04,"22.2,31.2",261
2019-12-11 14:48:31.479,AA04,"22.2,31.1",261
2019-12-11 14:48:33.752,AA04,"22.2,31.1",261
2019-12-11 14:48:36.025,AA04,"22.2,31.1",263
2019-12-11 14:48:38.302,AA04,"22.2,31.1",263
2019-12-11 14:48:40.575,AA04,"22.2,31.0",261
2019-12-11 14:48:42.849,AA04,"22.3,31.1",261
2019-12-11 14:48:45.122,AA04,"22.3,31.0",261
2019-12-11 14:48:47.395,AA04,"22.2,31.0",265
2019-12-11 14:48:49.672,AA04,"22.2,31.0",261
2019-12-11 14:48:51.947,AA04,"22.2,31.0",265
2019-12-11 14:48:54.220,AA04,"22.2,31.0",265
2019-12-11 14:48:56.494,AA04,"22.2,30.9",265
2019-12-11 14:48:58.771,AA04,"22.2,30.9",263
2019-12-11 14:49:01.044,AA04,"22.2,30.9",261
2019-12-11 14:49:03.318,AA04,"22.3,31.0",263
2019-12-11 14:49:05.591,AA04,"22.3,30.9",263
2019-12-11 14:49:07.863,AA04,"22.3,30.9",265
2019-12-11 14:49:10.141,AA04,"22.2,30.8",265
2019-12-11 14:49:12.414,AA04,"22.2,30.8",265
2019-12-11 14:49:14.687,AA04,"22.3,30.9",265
2019-12-11 14:49:16.961,AA04,"22.2,30.8",265
2019-12-11 14:49:19.233,AA04,"22.3,31.0",265
2019-12-11 14:49:21.510,AA04,"22.3,31.1",265
2019-12-11 14:49:23.785,AA04,"22.2,31.0",263
2019-12-11 14:49:26.058,AA04,"22.2,31.0",263
2019-12-11 14:49:28.331,AA04,"22.2,31.0",258
2019-12-11 14:49:30.608,AA04,"22.2,31.1",258
2019-12-11 14:49:32.881,AA04,"22.2,31.3",258
2019-12-11 14:49:35.155,AA04,"22.2,31.4",260
2019-12-11 14:49:37.428,AA04,"22.2,31.5",261
2019-12-11 14:49:39.705,AA04,"22.2,31.6",260
2019-12-11 14:49:41.977,AA04,"22.3,31.6",260
2019-12-11 14:49:44.252,AA04,"22.2,31.6",260
2019-12-11 14:49:46.525,AA04,"22.2,31.6",261
2019-12-11 14:49:48.797,AA04,"22.2,31.6",263
2019-12-11 14:49:51.075,AA04,"22.2,31.7",260
2019-12-11 14:49:53.348,AA04,"22.2,31.7",260
2019-12-11 14:49:55.621,AA04,"22.2,31.7",261
2019-12-11 14:49:57.894,AA04,"22.2,31.7",261
2019-12-11 14:50:00.172,AA04,"22.2,31.7",260
2019-12-11 14:50:02.445,AA04,"22.2,31.7",258
2019-12-11 14:50:04.717,AA04,"22.2,31.7",260
2019-12-11 14:50:06.991,AA04,"22.2,31.7",261
2019-12-11 14:50:09.269,AA04,"22.2,31.7",261
2019-12-11 14:50:11.541,AA04,"22.2,31.7",261
2019-12-11 14:50:13.815,AA04,"22.2,31.7",261
2019-12-11 14:50:16.088,AA04,"22.2,31.7",261
2019-12-11 14:50:18.361,AA04,"22.2,31.7",261
2019-12-11 14:50:20.639,AA04,"22.2,31.7",261
2019-12-11 14:50:22.912,AA04,"22.2,31.7",260
2019-12-11 14:50:25.184,AA04,"22.2,31.6",261
2019-12-11 14:50:27.459,AA04,"22.2,31.6",263
2019-12-11 14:50:29.736,AA04,"22.2,31.6",261
2019-12-11 14:50:32.009,AA04,"22.2,31.6",261
2019-12-11 14:50:34.283,AA04,"22.2,31.6",265
2019-12-11 14:50:36.556,AA04,"22.2,31.6",263
2019-12-11 14:50:38.834,AA04,"22.2,31.6",263
2019-12-11 14:50:41.107,AA04,"22.2,31.7",263
2019-12-11 14:50:43.379,AA04,"22.2,31.7",261
2019-12-11 14:50:45.652,AA04,"22.2,31.7",263
2019-12-11 14:50:47.926,AA04,"22.2,31.8",261
2019-12-11 14:50:50.203,AA04,"22.2,31.8",261
2019-12-11 14:50:52.475,AA04,"22.2,31.7",260
2019-12-11 14:50:54.750,AA04,"22.2,31.7",261
2019-12-11 14:50:57.023,AA04,"22.2,31.7",263
2019-12-11 14:50:59.300,AA04,"22.2,31.7",263
2019-12-11 14:51:01.574,AA04,"22.2,31.7",260
2019-12-11 14:51:03.846,AA04,"22.3,31.8",260
2019-12-11 14:51:06.120,AA04,"22.2,31.8",235
2019-12-11 14:51:08.398,AA04,"22.2,31.8",232
2019-12-11 14:51:10.670,AA04,"22.2,31.9",234
2019-12-11 14:51:12.944,AA04,"22.2,32.0",243
2019-12-11 14:51:15.218,AA04,"22.2,32.0",238
2019-12-11 14:51:17.491,AA04,"22.2,32.0",242
2019-12-11 14:51:19.767,AA04,"22.2,32.0",238
2019-12-11 14:51:22.040,AA04,"22.2,32.0",237
2019-12-11 14:51:24.314,AA04,"22.2,32.0",238
2019-12-11 14:51:26.587,AA04,"22.2,31.9",240
2019-12-11 14:51:28.865,AA04,"22.2,31.9",237
2019-12-11 14:51:31.138,AA04,"22.2,31.9",240
2019-12-11 14:51:33.411,AA04,"22.2,31.8",258
2019-12-11 14:51:35.684,AA04,"22.2,31.8",258
2019-12-11 14:51:37.962,AA04,"22.2,33.3",258
2019-12-11 14:51:40.234,AA04,"22.2,34.0",258
2019-12-11 14:51:42.509,AA04,"22.2,33.8",258
2019-12-11 14:51:44.782,AA04,"22.2,33.6",258
2019-12-11 14:51:47.055,AA04,"22.2,33.4",258
2019-12-11 14:51:49.333,AA04,"22.2,33.1",258
2019-12-11 14:51:51.606,AA04,"22.2,32.8",256
2019-12-11 14:51:53.879,AA04,"22.2,32.6",258
2019-12-11 14:51:56.152,AA04,"22.2,32.4",258
2019-12-11 14:51:58.426,AA04,"22.3,32.3",258
2019-12-11 14:52:00.702,AA04,"22.3,32.2",258
2019-12-11 14:52:02.975,AA04,"22.3,32.1",258
2019-12-11 14:52:05.249,AA04,"22.2,31.9",260
2019-12-11 14:52:07.522,AA04,"22.3,31.9",260
2019-12-11 14:52:09.799,AA04,"22.3,31.8",260
2019-12-11 14:52:12.073,AA04,"22.3,31.7",258
2019-12-11 14:52:14.346,AA04,"22.2,31.6",260
2019-12-11 14:52:16.619,AA04,"22.3,31.6",258
2019-12-11 14:52:18.897,AA04,"22.2,31.6",260
2019-12-11 14:52:21.170,AA04,"22.3,31.6",261
2019-12-11 14:52:23.443,AA04,"22.3,31.5",263
2019-12-11 14:52:25.717,AA04,"22.3,31.5",261
2019-12-11 14:52:27.994,AA04,"22.3,31.4",261
2019-12-11 14:52:30.267,AA04,"22.2,31.2",261
2019-12-11 14:52:32.540,AA04,"22.3,31.3",261
2019-12-11 14:52:34.813,AA04,"22.3,31.3",265
2019-12-11 14:52:37.086,AA04,"22.3,31.3",263
2019-12-11 14:52:39.364,AA04,"22.2,31.3",261
2019-12-11 14:52:41.637,AA04,"22.2,31.2",261
2019-12-11 14:52:43.910,AA04,"22.3,31.3",261
2019-12-11 14:52:46.183,AA04,"22.3,31.3",261
2019-12-11 14:52:48.461,AA04,"22.3,31.3",263
2019-12-11 14:52:50.734,AA04,"22.3,31.3",263
2019-12-11 14:52:53.008,AA04,"22.3,31.3",261
2019-12-11 14:52:55.281,AA04,"22.3,31.3",261
2019-12-11 14:52:57.554,AA04,"22.3,31.2",263
2019-12-11 14:52:59.831,AA04,"22.3,31.2",261
2019-12-11 14:53:02.103,AA04,"22.3,31.1",261
2019-12-11 14:53:04.377,AA04,"22.3,31.1",263
2019-12-11 14:53:06.651,AA04,"22.3,31.1",263
2019-12-11 14:53:08.928,AA04,"22.3,31.0",263
2019-12-11 14:53:11.201,AA04,"22.3,31.0",260
2019-12-11 14:53:13.475,AA04,"22.3,31.0",260
2019-12-11 14:53:15.748,AA04,"22.3,31.0",261
2019-12-11 14:53:18.024,AA04,"22.3,30.9",261
2019-12-11 14:53:20.299,AA04,"22.3,30.9",263
2019-12-11 14:53:22.572,AA04,"22.3,30.8",263
2019-12-11 14:53:24.845,AA04,"22.3,30.8",261
2019-12-11 14:53:27.118,AA04,"22.3,30.8",261
2019-12-11 14:53:29.395,AA04,"22.3,30.8",261
2019-12-11 14:53:31.669,AA04,"22.3,30.7",261
2019-12-11 14:53:33.942,AA04,"22.3,30.7",260
2019-12-11 14:53:36.215,AA04,"22.3,30.9",260
2019-12-11 14:53:38.493,AA04,"22.3,31.0",258
2019-12-11 14:53:40.766,AA04,"22.3,31.0",261
2019-12-11 14:53:43.039,AA04,"22.3,31.0",261
2019-12-11 14:53:45.311,AA04,"22.3,31.0",261
2019-12-11 14:53:47.585,AA04,"22.3,30.9",261
2019-12-11 14:53:49.863,AA04,"22.3,30.8",260
2019-12-11 14:53:52.136,AA04,"22.3,30.8",261
2019-12-11 14:53:54.410,AA04,"22.3,30.8",263
2019-12-11 14:53:56.682,AA04,"22.3,30.9",263
2019-12-11 14:53:58.959,AA04,"22.3,31.1",263
2019-12-11 14:54:01.234,AA04,"22.3,31.1",265
2019-12-11 14:54:03.507,AA04,"22.3,31.0",265
2019-12-11 14:54:05.779,AA04,"22.3,31.0",265
2019-12-11 14:54:08.057,AA04,"22.3,31.0",263
2019-12-11 14:54:10.330,AA04,"22.3,31.0",263
2019-12-11 14:54:12.603,AA04,"22.3,31.1",263
2019-12-11 14:54:14.876,AA04,"22.3,31.1",261
2019-12-11 14:54:17.150,AA04,"22.3,31.1",254
2019-12-11 14:54:19.427,AA04,"22.3,31.2",258
2019-12-11 14:54:21.700,AA04,"22.3,31.6",261
2019-12-11 14:54:23.974,AA04,"22.3,31.8",260
2019-12-11 14:54:26.247,AA04,"22.3,31.9",258
2019-12-11 14:54:28.524,AA04,"22.3,32.1",258
2019-12-11 14:54:30.798,AA04,"22.3,32.4",256
2019-12-11 14:54:33.071,AA04,"22.3,32.8",261
2019-12-11 14:54:35.344,AA04,"22.3,33.0",261
2019-12-11 14:54:37.617,AA04,"22.3,33.0",261
2019-12-11 14:54:39.894,AA04,"22.3,32.9",263
2019-12-11 14:54:42.167,AA04,"22.3,32.7",263
2019-12-11 14:54:44.441,AA04,"22.3,32.6",261
2019-12-11 14:54:46.714,AA04,"22.3,32.4",261
2019-12-11 14:54:48.991,AA04,"22.3,32.3",261
2019-12-11 14:54:51.265,AA04,"22.3,32.3",261
2019-12-11 14:54:53.538,AA04,"22.3,32.3",261
2019-12-11 14:54:55.810,AA04,"22.3,32.2",260
2019-12-11 14:54:58.085,AA04,"22.3,32.1",263
2019-12-11 14:55:00.362,AA04,"22.3,32.1",263
2019-12-11 14:55:02.635,AA04,"22.3,32.0",263
2019-12-11 14:55:04.909,AA04,"22.3,32.0",261
2019-12-11 14:55:07.181,AA04,"22.3,31.9",261
2019-12-11 14:55:09.455,AA04,"22.3,31.8",263
2019-12-11 14:55:11.732,AA04,"22.3,31.7",265
2019-12-11 14:55:14.006,AA04,"22.3,31.6",260
2019-12-11 14:55:16.279,AA04,"22.3,31.5",260
2019-12-11 14:55:18.552,AA04,"22.3,31.5",260
2019-12-11 14:55:20.829,AA04,"22.3,31.5",260
2019-12-11 14:55:23.102,AA04,"22.3,31.4",260
2019-12-11 14:55:25.376,AA04,"22.3,31.4",261
2019-12-11 14:55:27.648,AA04,"22.2,31.3",261
2019-12-11 14:55:29.925,AA04,"22.3,31.4",261
2019-12-11 14:55:32.200,AA04,"22.3,31.4",261
2019-12-11 14:55:34.473,AA04,"22.3,31.4",263
2019-12-11 14:55:36.746,AA04,"22.3,31.4",263
2019-12-11 14:55:39.023,AA04,"22.3,31.3",263
2019-12-11 14:55:41.296,AA04,"22.3,31.3",263
2019-12-11 14:55:43.570,AA04,"22.3,31.3",260
2019-12-11 14:55:45.843,AA04,"22.3,31.3",258
2019-12-11 14:55:48.117,AA04,"22.3,31.4",260
2019-12-11 14:55:50.393,AA04,"22.3,31.5",260
2019-12-11 14:55:52.667,AA04,"22.3,31.6",260
2019-12-11 14:55:54.941,AA04,"22.3,31.7",260
2019-12-11 14:55:57.214,AA04,"22.3,31.8",260
2019-12-11 14:55:59.491,AA04,"22.3,31.9",261
2019-12-11 14:56:01.764,AA04,"22.3,32.1",263
2019-12-11 14:56:04.038,AA04,"22.3,32.3",261
2019-12-11 14:56:06.311,AA04,"22.3,32.3",261
2019-12-11 14:56:08.587,AA04,"22.3,32.3",263
2019-12-11 14:56:10.861,AA04,"22.3,32.3",263
2019-12-11 14:56:13.134,AA04,"22.3,32.1",263
2019-12-11 14:56:15.407,AA04,"22.3,32.0",258
2019-12-11 14:56:17.680,AA04,"22.3,31.9",258
2019-12-11 14:56:19.958,AA04,"22.3,31.9",258
2019-12-11 14:56:22.231,AA04,"22.3,31.9",258
2019-12-11 14:56:24.504,AA04,"22.3,32.0",256
2019-12-11 14:56:26.778,AA04,"22.3,32.0",258
2019-12-11 14:56:29.055,AA04,"22.3,31.9",260
2019-12-11 14:56:31.328,AA04,"22.3,31.8",261
2019-12-11 14:56:33.602,AA04,"22.3,31.8",263
2019-12-11 14:56:35.874,AA04,"22.3,31.8",263
2019-12-11 14:56:38.152,AA04,"22.3,31.8",263
2019-12-11 14:56:40.426,AA04,"22.3,31.8",263
2019-12-11 14:56:42.699,AA04,"22.3,31.9",263
2019-12-11 14:56:44.972,AA04,"22.3,32.0",263
2019-12-11 14:56:47.249,AA04,"22.3,32.1",263
2019-12-11 14:56:49.523,AA04,"22.3,32.2",263
2019-12-11 14:56:51.796,AA04,"22.3,32.3",261
2019-12-11 14:56:54.070,AA04,"22.3,32.4",263
2019-12-11 14:56:56.343,AA04,"22.3,32.4",265
2019-12-11 14:56:58.620,AA04,"22.3,32.4",265
2019-12-11 14:57:00.894,AA04,"22.3,32.4",263
2019-12-11 14:57:03.167,AA04,"22.3,32.3",263
2019-12-11 14:57:05.439,AA04,"22.3,32.2",263
2019-12-11 14:57:07.714,AA04,"22.3,32.2",263
2019-12-11 14:57:09.991,AA04,"22.3,32.1",263
2019-12-11 14:57:12.263,AA04,"22.3,32.1",265
2019-12-11 14:57:14.536,AA04,"22.3,32.0",265
2019-12-11 14:57:16.811,AA04,"22.3,32.0",261
2019-12-11 14:57:19.084,AA04,"22.3,32.1",261
2019-12-11 14:57:21.357,AA04,"22.3,32.1",261
2019-12-11 14:57:23.634,AA04,"22.3,32.1",265
2019-12-11 14:57:25.906,AA04,"22.3,32.0",263
2019-12-11 14:57:28.179,AA04,"22.3,32.0",263
2019-12-11 14:57:30.454,AA04,"22.3,32.0",263
2019-12-11 14:57:32.727,AA04,"22.3,32.0",263
2019-12-11 14:57:35.004,AA04,"22.3,32.0",263
2019-12-11 14:57:37.278,AA04,"22.3,32.0",263
2019-12-11 14:57:39.551,AA04,"22.3,32.0",263
2019-12-11 14:57:41.824,AA04,"22.3,31.9",263
2019-12-11 14:57:44.097,AA04,"22.3,31.9",263
2019-12-11 14:57:46.375,AA04,"22.3,31.8",261
2019-12-11 14:57:48.647,AA04,"22.3,31.8",263
2019-12-11 14:57:50.922,AA04,"22.3,31.8",263
2019-12-11 14:57:53.193,AA04,"22.3,31.7",263
2019-12-11 14:57:55.471,AA04,"22.3,31.7",265
2019-12-11 14:57:57.744,AA04,"22.3,31.7",265
2019-12-11 14:58:00.017,AA04,"22.3,31.7",263
2019-12-11 14:58:02.291,AA04,"22.3,31.7",265
2019-12-11 14:58:04.568,AA04,"22.3,31.8",265
2019-12-11 14:58:06.841,AA04,"22.3,31.9",265
2019-12-11 14:58:09.115,AA04,"22.3,32.1",263
2019-12-11 14:58:11.388,AA04,"22.3,32.2",265
2019-12-11 14:58:13.665,AA04,"22.3,32.3",263
2019-12-11 14:58:15.937,AA04,"22.3,32.3",263
2019-12-11 14:58:18.212,AA04,"22.3,32.2",263
2019-12-11 14:58:20.485,AA04,"22.3,32.2",263
2019-12-11 14:58:22.758,AA04,"22.3,32.2",263
2019-12-11 14:58:25.036,AA04,"22.3,32.1",265
2019-12-11 14:58:27.309,AA04,"22.3,32.0",265
2019-12-11 14:58:29.582,AA04,"22.3,32.0",263
2019-12-11 14:58:31.855,AA04,"22.3,32.0",265
2019-12-11 14:58:34.128,AA04,"22.3,31.9",263
2019-12-11 14:58:36.404,AA04,"22.2,31.8",265
2019-12-11 14:58:38.679,AA04,"22.2,31.9",263
2019-12-11 14:58:40.952,AA04,"22.2,31.8",265
2019-12-11 14:58:43.225,AA04,"22.2,31.8",265
2019-12-11 14:58:45.503,AA04,"22.2,31.7",265
2019-12-11 14:58:47.776,AA04,"22.2,31.7",265
2019-12-11 14:58:50.048,AA04,"22.2,31.8",265
2019-12-11 14:58:52.322,AA04,"22.2,31.8",265
2019-12-11 14:58:54.600,AA04,"22.2,31.8",265
2019-12-11 14:58:56.872,AA04,"22.2,31.8",265
2019-12-11 14:58:59.146,AA04,"22.2,31.7",265
2019-12-11 14:59:01.419,AA04,"22.3,31.7",263
2019-12-11 14:59:03.691,AA04,"22.2,31.6",263
2019-12-11 14:59:05.970,AA04,"22.2,31.5",265
2019-12-11 14:59:08.243,AA04,"22.2,31.5",261
2019-12-11 14:59:10.516,AA04,"22.2,31.5",263
2019-12-11 14:59:12.790,AA04,"22.2,31.5",265
2019-12-11 14:59:15.067,AA04,"22.2,31.6",263
2019-12-11 14:59:17.340,AA04,"22.2,31.7",263
2019-12-11 14:59:19.614,AA04,"22.2,31.6",263
2019-12-11 14:59:21.887,AA04,"22.2,31.6",261
2019-12-11 14:59:24.165,AA04,"22.2,31.5",261
2019-12-11 14:59:26.436,AA04,"22.2,31.5",261
2019-12-11 14:59:28.710,AA04,"22.2,31.5",263
2019-12-11 14:59:30.983,AA04,"22.2,31.5",263
2019-12-11 14:59:33.257,AA04,"22.3,31.8",265
2019-12-11 14:59:35.534,AA04,"22.2,31.8",263
2019-12-11 14:59:37.808,AA04,"22.2,32.0",260
2019-12-11 14:59:40.081,AA04,"22.3,32.3",261
2019-12-11 14:59:42.354,AA04,"22.3,32.6",263
2019-12-11 14:59:44.631,AA04,"22.2,32.7",263
2019-12-11 14:59:46.903,AA04,"22.3,32.9",263
2019-12-11 14:59:49.178,AA04,"22.2,33.0",263
2019-12-11 14:59:51.451,AA04,"22.2,33.1",263
2019-12-11 14:59:53.724,AA04,"22.2,33.0",261
2019-12-11 14:59:56.001,AA04,"22.2,33.0",261
2019-12-11 14:59:58.275,AA04,"22.2,33.0",261
2019-12-11 15:00:00.547,AA04,"22.2,33.1",261
2019-12-11 15:00:02.822,AA04,"22.2,33.2",260
2019-12-11 15:00:05.099,AA04,"22.2,33.2",261
2019-12-11 15:00:07.372,AA04,"22.3,33.6",261
2019-12-11 15:00:09.645,AA04,"22.3,33.7",261
2019-12-11 15:00:11.918,AA04,"22.2,33.7",260
2019-12-11 15:00:14.191,AA04,"22.2,33.7",263
2019-12-11 15:00:16.469,AA04,"22.3,33.8",263
2019-12-11 15:00:18.742,AA04,"22.2,33.6",263
2019-12-11 15:00:21.015,AA04,"22.3,33.6",263
2019-12-11 15:00:23.289,AA04,"22.3,33.5",263
2019-12-11 15:00:25.562,AA04,"22.3,33.5",261
2019-12-11 15:00:27.839,AA04,"22.3,33.3",261
2019-12-11 15:00:30.113,AA04,"22.3,33.4",261
2019-12-11 15:00:32.386,AA04,"22.3,33.4",263
2019-12-11 15:00:34.659,AA04,"22.3,33.4",265
2019-12-11 15:00:36.937,AA04,"22.3,33.4",265
2019-12-11 15:00:39.209,AA04,"22.3,33.3",265
2019-12-11 15:00:41.481,AA04,"22.3,33.1",265
2019-12-11 15:00:43.756,AA04,"22.3,33.1",261
2019-12-11 15:00:46.033,AA04,"22.3,33.1",261
2019-12-11 15:00:48.306,AA04,"22.3,33.0",261
2019-12-11 15:00:50.580,AA04,"22.3,32.8",265
2019-12-11 15:00:52.853,AA04,"22.3,32.8",263
2019-12-11 15:00:55.126,AA04,"22.3,32.8",263
2019-12-11 15:00:57.403,AA04,"22.3,33.1",261
2019-12-11 15:00:59.677,AA04,"22.3,33.1",261
2019-12-11 15:01:01.950,AA04,"22.3,33.1",261
2019-12-11 15:01:04.224,AA04,"22.3,33.0",261
2019-12-11 15:01:06.501,AA04,"22.3,32.8",261
2019-12-11 15:01:08.774,AA04,"22.3,32.6",263
2019-12-11 15:01:11.048,AA04,"22.2,32.5",263
2019-12-11 15:01:13.320,AA04,"22.2,32.8",263
2019-12-11 15:01:15.593,AA04,"22.2,33.0",263
2019-12-11 15:01:17.870,AA04,"22.2,33.2",263
2019-12-11 15:01:20.143,AA04,"22.2,33.4",263
2019-12-11 15:01:22.417,AA04,"22.2,33.6",261
2019-12-11 15:01:24.691,AA04,"22.2,33.6",263
2019-12-11 15:01:26.968,AA04,"22.2,33.7",263
2019-12-11 15:01:29.240,AA04,"22.3,33.9",261
2019-12-11 15:01:31.515,AA04,"22.2,33.8",261
2019-12-11 15:01:33.788,AA04,"22.3,33.8",263
2019-12-11 15:01:36.061,AA04,"22.3,33.8",261
2019-12-11 15:01:38.339,AA04,"22.2,33.5",261
2019-12-11 15:01:40.612,AA04,"22.2,33.3",260
2019-12-11 15:01:42.885,AA04,"22.2,33.2",261
2019-12-11 15:01:45.158,AA04,"22.3,33.1",261
2019-12-11 15:01:47.435,AA04,"22.3,33.0",265
2019-12-11 15:01:49.708,AA04,"22.3,33.0",263
2019-12-11 15:01:51.983,AA04,"22.2,32.9",263
2019-12-11 15:01:54.256,AA04,"22.2,32.8",263
2019-12-11 15:01:56.529,AA04,"22.2,32.7",263
2019-12-11 15:01:58.807,AA04,"22.2,32.7",260
2019-12-11 15:02:01.080,AA04,"22.3,32.9",263
2019-12-11 15:02:03.353,AA04,"22.2,32.8",261
2019-12-11 15:02:05.627,AA04,"22.2,32.8",261
2019-12-11 15:02:07.900,AA04,"22.2,32.7",263
2019-12-11 15:02:10.177,AA04,"22.2,32.6",263
2019-12-11 15:02:12.450,AA04,"22.2,32.5",263
2019-12-11 15:02:14.723,AA04,"22.3,32.6",261
2019-12-11 15:02:16.996,AA04,"22.2,32.6",263
2019-12-11 15:02:19.270,AA04,"22.2,32.6",263
2019-12-11 15:02:21.546,AA04,"22.3,32.8",258
2019-12-11 15:02:23.820,AA04,"22.2,32.8",261
2019-12-11 15:02:26.094,AA04,"22.2,32.8",261
2019-12-11 15:02:28.367,AA04,"22.2,32.9",261
2019-12-11 15:02:30.640,AA04,"22.2,33.0",258
2019-12-11 15:02:32.918,AA04,"22.3,33.3",258
2019-12-11 15:02:35.191,AA04,"22.2,33.2",260
2019-12-11 15:02:37.464,AA04,"22.2,33.2",261
2019-12-11 15:02:39.738,AA04,"22.2,33.1",261
2019-12-11 15:02:42.014,AA04,"22.2,33.0",258
2019-12-11 15:02:44.287,AA04,"22.2,33.0",261
2019-12-11 15:02:46.561,AA04,"22.2,33.0",260
2019-12-11 15:02:48.834,AA04,"22.2,33.1",263
2019-12-11 15:02:51.107,AA04,"22.2,33.2",261
2019-12-11 15:02:53.384,AA04,"22.2,33.2",263
2019-12-11 15:02:55.657,AA04,"22.2,33.2",261
2019-12-11 15:02:57.930,AA04,"22.3,33.4",260
2019-12-11 15:03:00.204,AA04,"22.2,33.4",261
2019-12-11 15:03:02.481,AA04,"22.2,33.5",261
2019-12-11 15:03:04.754,AA04,"22.2,33.5",260
2019-12-11 15:03:07.028,AA04,"22.2,33.6",260
2019-12-11 15:03:09.301,AA04,"22.2,33.5",260
2019-12-11 15:03:11.577,AA04,"22.2,33.5",261
2019-12-11 15:03:13.850,AA04,"22.2,33.3",260
2019-12-11 15:03:16.124,AA04,"22.2,33.3",260
2019-12-11 15:03:18.397,AA04,"22.2,33.2",260
2019-12-11 15:03:20.671,AA04,"22.2,33.1",256
2019-12-11 15:03:22.948,AA04,"22.2,33.0",260
2019-12-11 15:03:25.220,AA04,"22.2,32.8",263
2019-12-11 15:03:27.495,AA04,"22.2,32.8",260
2019-12-11 15:03:29.767,AA04,"22.2,32.7",263
2019-12-11 15:03:32.041,AA04,"22.2,32.7",263
2019-12-11 15:03:34.319,AA04,"22.2,32.7",263
2019-12-11 15:03:36.592,AA04,"22.2,32.6",263
2019-12-11 15:03:38.865,AA04,"22.2,32.5",261
2019-12-11 15:03:41.139,AA04,"22.2,32.4",261
